expID	group	wellID	condition	concentration	date	contamination	InoculationGrowth_time	PlateGrowth_time	Strain	0	900	1800	2700	3600	4500	5400	6300	7200	8100	9000	9900	10800	11700	12600	13500	14400	15300	16200	17100	18000	18900	19800	20700	21600	22500	23400	24300	25200	26100	27000	27900	28800	29700	30600	31500	32400	33300	34200	35100	36000	36900	37800	38700	39600	40500	41400	42300	43200	44100	45000	45900	46800	47700	48600	49500	50400	51300	52200	53100	54000	54900	55800	56700	57600	58500	59400	60300	61200	62100	63000	63900	64800	65700	66600	67500	68400	69300	70200	71100	72000	72900	73800	74700	75600	76500	77400	78300	79200	80100	81000	81900	82800	83700	84600	85500
SCFACU23	Ace25	NA	NA	NA	NA	NA	18	24	NA	0.22191666666666668	0.21566666666666667	0.21316666666666667	0.21183333333333332	0.21225	0.21183333333333335	0.2125	0.21491666666666667	0.21758333333333335	0.22141666666666668	0.22791666666666666	0.23641666666666666	0.24733333333333335	0.26225	0.2816666666666667	0.3025833333333333	0.32325	0.34691666666666665	0.37958333333333333	0.41175	0.4395	0.47875	0.5203333333333333	0.557	0.5986666666666667	0.6374166666666666	0.673	0.7100833333333334	0.7415	0.7610833333333333	0.7766666666666666	0.7884166666666667	0.7949166666666667	0.79775	0.79375	0.7921666666666667	0.7895833333333333	0.7823333333333333	0.7783333333333333	0.7725833333333334	0.7690833333333333	0.76625	0.76325	0.7601666666666667	0.7543333333333333	0.7495833333333334	0.74325	0.7395	0.7350833333333333	0.729	0.7230833333333333	0.7178333333333333	0.7091666666666666	0.7046666666666667	0.6985833333333333	0.6914166666666667	0.6854166666666667	0.6806666666666666	0.6724166666666667	0.6661666666666667	0.66325	0.6563333333333333	0.6550833333333334	0.6473333333333333	0.6455	0.6408333333333334	0.6360833333333333	0.6328333333333334	0.6315833333333334	0.6301666666666667	0.6266666666666667	0.6261666666666666	0.6239166666666667	0.6194166666666667	0.6206666666666667	0.6163333333333333	0.6180833333333333	0.6178333333333333	0.6125833333333334	0.6139166666666667	0.61225	0.6085	0.60875	0.60975	0.6048333333333333	0.6005	0.6024166666666667	0.5976666666666667	0.5965	0.596	0.5935	0.5923333333333334	0.5883333333333334	0.58675	0.5826666666666667	0.5811666666666666
SCFACU23	Ace5	NA	NA	NA	NA	NA	18	24	NA	0.20066666666666666	0.19216666666666668	0.18925	0.1885	0.18875	0.18958333333333333	0.19175	0.19525	0.20033333333333334	0.20758333333333334	0.21658333333333335	0.22775	0.24216666666666667	0.26016666666666666	0.2818333333333333	0.30691666666666667	0.3353333333333333	0.3705833333333333	0.3915	0.43325	0.47391666666666665	0.5091666666666667	0.5605833333333333	0.5954166666666667	0.633	0.6780833333333334	0.70825	0.7346666666666667	0.7589166666666667	0.774	0.7786666666666667	0.7833333333333333	0.7756666666666667	0.7714166666666666	0.7661666666666667	0.76275	0.75925	0.753	0.7491666666666666	0.7409166666666667	0.7383333333333333	0.73575	0.7278333333333333	0.725	0.72325	0.719	0.7166666666666667	0.7141666666666666	0.7075833333333333	0.705	0.7005	0.6966666666666667	0.6892499999999999	0.6854166666666667	0.6776666666666666	0.6730833333333334	0.66875	0.65825	0.6529166666666667	0.6485000000000001	0.6396666666666667	0.6331666666666667	0.6254166666666667	0.6204166666666666	0.6159166666666667	0.61225	0.6026666666666667	0.6005833333333334	0.5976666666666667	0.592	0.5881666666666666	0.5864166666666667	0.5821666666666666	0.5825	0.5773333333333334	0.5744166666666667	0.5745	0.5711666666666667	0.5715	0.5714166666666667	0.5710833333333334	0.5685833333333333	0.5674166666666667	0.5660000000000001	0.5638333333333333	0.56825	0.56675	0.5631666666666667	0.56375	0.5610833333333334	0.5613333333333334	0.56325	0.56325	0.5606666666666666	0.5593333333333333	0.555
SCFACU23	BHI	NA	NA	NA	NA	NA	18	24	NA	0.18725	0.18191666666666667	0.18041666666666667	0.18033333333333335	0.18158333333333332	0.18383333333333335	0.18691666666666668	0.19133333333333333	0.19691666666666668	0.2045	0.21466666666666667	0.22766666666666668	0.24316666666666667	0.26375	0.29091666666666666	0.32058333333333333	0.35141666666666665	0.38408333333333333	0.42183333333333334	0.4593333333333333	0.50475	0.5485833333333333	0.5922499999999999	0.6275833333333334	0.6659166666666667	0.7001666666666666	0.72625	0.7541666666666667	0.7793333333333333	0.7960833333333334	0.8081666666666667	0.8093333333333333	0.8094166666666667	0.8045833333333333	0.8005	0.7938333333333334	0.7868333333333334	0.7817500000000001	0.7735000000000001	0.7676666666666667	0.761	0.7568333333333334	0.7500833333333333	0.7475	0.7406666666666667	0.736	0.7275	0.7245833333333334	0.7210833333333333	0.7148333333333333	0.7108333333333333	0.70475	0.6964166666666667	0.6926666666666667	0.6880833333333334	0.68075	0.6768333333333334	0.6706666666666666	0.6613333333333333	0.6564166666666666	0.6519166666666667	0.64375	0.6376666666666667	0.63	0.6245833333333334	0.6219166666666667	0.6090833333333333	0.6045833333333334	0.5988333333333333	0.5925	0.5895833333333333	0.5872499999999999	0.5795	0.5740833333333333	0.5716666666666667	0.5658333333333333	0.5645	0.5633333333333334	0.5594166666666667	0.5573333333333333	0.5560833333333334	0.5488333333333333	0.54825	0.5494166666666667	0.54525	0.5453333333333333	0.5466666666666666	0.5433333333333333	0.53875	0.5378333333333334	0.5356666666666666	0.53675	0.5371666666666667	0.53325	0.53025	0.5303333333333333
SCFACU23	But25	NA	NA	NA	NA	NA	18	24	NA	0.197	0.19125	0.18908333333333333	0.18875	0.189	0.18958333333333333	0.19108333333333333	0.19258333333333333	0.19508333333333333	0.19816666666666666	0.20216666666666666	0.20658333333333334	0.21208333333333335	0.21841666666666668	0.22533333333333333	0.23375	0.243	0.254	0.26608333333333334	0.28	0.29525	0.3130833333333333	0.33175	0.3473333333333333	0.38266666666666665	0.39791666666666664	0.42525	0.45108333333333334	0.47458333333333336	0.5138333333333334	0.5465	0.5801666666666666	0.6074166666666667	0.6443333333333333	0.6741666666666667	0.7005833333333333	0.7196666666666667	0.7445833333333334	0.762	0.7755833333333333	0.7853333333333333	0.7921666666666667	0.7928333333333334	0.7954166666666667	0.7953333333333333	0.791	0.7871666666666667	0.7818333333333334	0.7706666666666667	0.7656666666666667	0.7595000000000001	0.7511666666666666	0.74625	0.74075	0.7303333333333333	0.72525	0.72091666666666665	0.7139166666666666	0.7091666666666666	0.7048333333333333	0.6975833333333333	0.69275	0.6836666666666666	0.6773333333333333	0.67225	0.6671666666666667	0.6635	0.65925	0.65525	0.6496666666666666	0.6445833333333333	0.6388333333333334	0.6364166666666666	0.6350833333333333	0.6311666666666667	0.6284166666666666	0.62325	0.6166666666666667	0.61675	0.61525	0.6095	0.608	0.606	0.6008333333333333	0.5969166666666667	0.594	0.5901666666666666	0.5875833333333333	0.5830833333333333	0.5796666666666667	0.5740833333333333	0.5724166666666667	0.5661666666666667	0.5635833333333333	0.5619166666666666	0.5565
SCFACU23	But5	NA	NA	NA	NA	NA	18	24	NA	0.19183333333333333	0.18733333333333332	0.18558333333333332	0.18558333333333332	0.18633333333333332	0.18825	0.19058333333333333	0.19391666666666665	0.1985	0.20433333333333334	0.21208333333333335	0.22183333333333333	0.23308333333333334	0.24708333333333335	0.26266666666666666	0.281	0.3035	0.32733333333333337	0.3561666666666667	0.3803333333333333	0.42041666666666666	0.44558333333333333	0.48841666666666667	0.51725	0.5680000000000001	0.6085	0.6407499999999999	0.6815	0.71675	0.7505000000000001	0.7744166666666666	0.7978333333333334	0.8041666666666667	0.8113333333333334	0.8095	0.80625	0.8071666666666667	0.8050833333333334	0.803	0.8001666666666667	0.799	0.7939166666666667	0.79175	0.7837500000000001	0.7783333333333333	0.7749166666666667	0.7685	0.76575	0.763	0.75725	0.7505000000000001	0.74725	0.741	0.7358333333333333	0.7321666666666666	0.7280833333333333	0.7213333333333334	0.7133333333333334	0.7051666666666666	0.7005833333333333	0.6930833333333333	0.68875	0.6840833333333334	0.68025	0.67	0.6634166666666667	0.6605	0.6527499999999999	0.64925	0.6455	0.63775	0.6343333333333333	0.6281666666666667	0.6230833333333333	0.62125	0.6179166666666667	0.61325	0.6098333333333333	0.6080833333333333	0.5991666666666666	0.5985833333333334	0.5986666666666667	0.5933333333333334	0.5923333333333334	0.5918333333333333	0.58725	0.5841666666666667	0.5841666666666667	0.5814166666666667	0.5806666666666667	0.5808333333333333	0.577	0.5714166666666667	0.57225	0.56825	0.5701666666666667
SCFACU23	Pro25	NA	NA	NA	NA	NA	18	24	NA	0.19041666666666668	0.18541666666666667	0.18391666666666667	0.18333333333333332	0.18416666666666667	0.18516666666666667	0.18733333333333332	0.18983333333333333	0.1935	0.198	0.20358333333333334	0.21	0.21816666666666668	0.22716666666666666	0.23825	0.2515833333333333	0.26633333333333337	0.2811666666666667	0.3005	0.31916666666666665	0.3466666666666667	0.36583333333333334	0.39608333333333334	0.41633333333333333	0.44608333333333333	0.48041666666666666	0.50975	0.5467500000000001	0.5851666666666666	0.6214166666666667	0.651	0.6884166666666667	0.7216666666666667	0.747	0.7689166666666667	0.7848333333333333	0.7910833333333334	0.79575	0.7953333333333333	0.7894166666666667	0.7881666666666667	0.784	0.7785833333333334	0.773	0.7676666666666667	0.7615000000000001	0.7545	0.7516666666666667	0.74575	0.742	0.7354166666666667	0.73025	0.7245833333333334	0.72075	0.7145	0.70975	0.7044166666666667	0.6974166666666667	0.6936666666666667	0.68725	0.6799166666666666	0.67525	0.6703333333333333	0.6639166666666667	0.6615	0.6556666666666667	0.6508333333333334	0.64625	0.6414166666666667	0.6376666666666667	0.63575	0.6326666666666667	0.627	0.6260833333333333	0.6201666666666666	0.6161666666666666	0.6169166666666667	0.61375	0.6133333333333333	0.6150833333333333	0.6115833333333334	0.608	0.6094166666666667	0.6056666666666667	0.60875	0.6101666666666666	0.6076666666666667	0.6063333333333334	0.6074166666666667	0.6019166666666667	0.6036666666666667	0.60275	0.6018333333333333	0.5975833333333334	0.5951666666666666	0.5933333333333334
SCFACU23	Pro5	NA	NA	NA	NA	NA	18	24	NA	0.20083333333333334	0.1965	0.19408333333333333	0.19375	0.19391666666666665	0.19525	0.19741666666666668	0.20058333333333334	0.20516666666666666	0.21141666666666667	0.219	0.22875	0.241	0.2554166666666667	0.2725	0.2915833333333333	0.3150833333333333	0.34091666666666665	0.37266666666666665	0.39775	0.43983333333333335	0.4756666666666667	0.52025	0.5569166666666666	0.5970833333333333	0.6356666666666667	0.67425	0.71175	0.7413333333333333	0.7728333333333334	0.7879166666666667	0.7938333333333334	0.8035	0.80675	0.8095833333333333	0.8071666666666667	0.8043333333333333	0.8	0.7963333333333333	0.7911666666666667	0.7874166666666667	0.7796666666666667	0.7776666666666667	0.7733333333333333	0.76875	0.76375	0.7624166666666666	0.7535000000000001	0.7496666666666667	0.7460833333333333	0.7399166666666667	0.7373333333333334	0.7331666666666666	0.7243333333333333	0.72025	0.7145	0.7050833333333333	0.7005833333333333	0.6944166666666667	0.6859166666666666	0.6819999999999999	0.6769166666666666	0.6685	0.663	0.6566666666666667	0.6505	0.6474166666666666	0.6450833333333333	0.6373333333333333	0.6355833333333334	0.62716666666666665	0.62325	0.6206666666666667	0.6185	0.61575	0.6126666666666667	0.60475	0.6040833333333333	0.6045833333333334	0.6004166666666667	0.5999166666666667	0.6002500000000001	0.5948333333333333	0.5943333333333334	0.5950833333333333	0.5909166666666666	0.5928333333333333	0.5939166666666666	0.5911666666666666	0.59025	0.58825	0.5895833333333333	0.58575	0.5861666666666666	0.58675	0.5830833333333333
SCFACU24	Ace25	NA	NA	NA	NA	NA	18	24	NA	0.24608333333333335	0.24341666666666667	0.24225000000000002	0.24358333333333335	0.2465	0.2505833333333333	0.25683333333333336	0.26475	0.27425	0.287	0.30233333333333334	0.3173333333333333	0.33616666666666667	0.35841666666666666	0.38516666666666666	0.41391666666666665	0.4444166666666667	0.4835	0.51075	0.5435833333333333	0.5826666666666667	0.6256666666666667	0.66125	0.6943333333333334	0.72475	0.7556666666666667	0.7909166666666667	0.8139166666666666	0.8275	0.8402499999999999	0.8515833333333334	0.85525	0.8545833333333333	0.856	0.8549166666666667	0.85175	0.8485	0.84275	0.8395	0.8363333333333334	0.83125	0.8251666666666667	0.8206666666666667	0.8139166666666666	0.8094166666666667	0.8033333333333333	0.7973333333333333	0.7885833333333333	0.7845	0.77725	0.76925	0.7653333333333333	0.7565	0.7505833333333334	0.7455833333333334	0.7395833333333334	0.7356666666666667	0.7270833333333333	0.7225833333333334	0.7190833333333333	0.712	0.7098333333333333	0.7076666666666667	0.7	0.69975	0.6950833333333334	0.6925	0.6925833333333333	0.68975	0.6885	0.6830833333333334	0.6820833333333334	0.6809166666666666	0.6760833333333334	0.6756666666666666	0.6723333333333333	0.6706666666666666	0.6688333333333334	0.6628333333333334	0.6625833333333333	0.6609166666666667	0.6565	0.6561666666666667	0.6475	0.6475	0.64475	0.6414166666666666	0.6421666666666667	0.6378333333333334	0.6359166666666667	0.63375	0.6285	0.6281666666666667	0.6238333333333334	0.6226666666666667	0.6211666666666666
SCFACU24	Ace5	NA	NA	NA	NA	NA	18	24	NA	0.2793333333333333	0.27558333333333335	0.27491666666666664	0.27591666666666664	0.27775	0.28141666666666665	0.28691666666666665	0.29375	0.3040833333333333	0.3159166666666667	0.33075	0.34758333333333336	0.36691666666666667	0.38825	0.41108333333333336	0.43875	0.46908333333333335	0.5120833333333333	0.5555833333333333	0.5800833333333333	0.6109166666666667	0.64325	0.6770833333333334	0.7146666666666667	0.7561666666666667	0.7854166666666667	0.8081666666666667	0.8279166666666666	0.8359166666666666	0.8456666666666667	0.8480833333333333	0.84475	0.8414166666666667	0.8341666666666667	0.8315833333333333	0.8251666666666667	0.8158333333333333	0.8155	0.8100833333333334	0.804	0.8000833333333334	0.7994166666666667	0.79575	0.7905	0.7850833333333334	0.7837500000000001	0.7803333333333333	0.7748333333333334	0.7708333333333334	0.76425	0.7603333333333333	0.7545833333333334	0.7464166666666666	0.7419166666666667	0.7331666666666666	0.7280833333333333	0.7235	0.71475	0.7108333333333333	0.6985	0.6935833333333333	0.6886666666666666	0.6801666666666667	0.6815833333333333	0.6739166666666667	0.6691666666666667	0.6668333333333334	0.6613333333333333	0.6601666666666667	0.6550833333333334	0.6553333333333333	0.65425	0.6456666666666666	0.6449166666666667	0.643	0.6419166666666667	0.6426666666666667	0.6375833333333333	0.6398333333333334	0.6358333333333334	0.6326666666666667	0.6343333333333333	0.6305833333333333	0.63125	0.6315833333333334	0.626	0.6256666666666667	0.6216666666666667	0.6220833333333333	0.62175	0.6188333333333333	0.6188333333333333	0.61275	0.6131666666666666	0.6114166666666666	0.607
SCFACU24	BHI	NA	NA	NA	NA	NA	18	24	NA	0.20908333333333334	0.20583333333333334	0.20525	0.20641666666666666	0.2095	0.21383333333333335	0.2205	0.2285	0.238	0.2534166666666667	0.27216666666666667	0.2926666666666667	0.31866666666666665	0.35533333333333333	0.39	0.42675	0.4683333333333333	0.5178333333333334	0.55275	0.6011666666666666	0.6438333333333334	0.6824166666666667	0.7144166666666667	0.7434166666666666	0.7695	0.7965	0.8170833333333333	0.8315833333333333	0.8310833333333334	0.8295	0.82875	0.827	0.81525	0.8094166666666667	0.8034166666666667	0.7953333333333333	0.7904166666666667	0.78725	0.7811666666666667	0.7759166666666667	0.77275	0.76925	0.76575	0.7578333333333334	0.75175	0.74725	0.7458333333333333	0.7388333333333333	0.7333333333333333	0.7280833333333333	0.7224166666666667	0.7188333333333333	0.70925	0.704	0.6958333333333333	0.68975	0.6828333333333333	0.6744166666666667	0.6689166666666667	0.6595833333333333	0.6516666666666667	0.645	0.6385	0.6348333333333334	0.6304166666666666	0.6205833333333333	0.6161666666666666	0.608	0.6046666666666667	0.6005	0.5975	0.5932499999999999	0.58575	0.583	0.5811666666666666	0.5766666666666667	0.5739166666666666	0.5730833333333334	0.5655	0.5643333333333334	0.56225	0.5629166666666666	0.5623333333333334	0.5595	0.5594166666666667	0.5518333333333334	0.5519166666666667	0.5525833333333333	0.5493333333333333	0.5490833333333334	0.548	0.5431666666666667	0.5426666666666666	0.5401666666666667	0.5410833333333334	0.5400833333333334
SCFACU24	But25	NA	NA	NA	NA	NA	18	24	NA	0.21775	0.21266666666666667	0.21025	0.20991666666666667	0.21083333333333334	0.21266666666666667	0.21516666666666667	0.21825	0.22258333333333333	0.22766666666666666	0.23391666666666666	0.24166666666666667	0.2505833333333333	0.2609166666666667	0.2728333333333333	0.2871666666666667	0.302	0.31858333333333333	0.33591666666666664	0.35483333333333333	0.3803333333333333	0.3995	0.42141666666666666	0.447	0.4725	0.5025833333333334	0.53925	0.5658333333333333	0.5914166666666667	0.6184166666666666	0.6511666666666667	0.6810833333333333	0.70475	0.7273333333333334	0.7445833333333334	0.7600833333333333	0.7734166666666666	0.7833333333333333	0.7873333333333333	0.7883333333333333	0.7923333333333333	0.7889166666666667	0.7867500000000001	0.7821666666666667	0.7745833333333334	0.7715000000000001	0.7650833333333333	0.75725	0.7511666666666666	0.74475	0.739	0.7329166666666667	0.72875	0.7253333333333333	0.7160833333333333	0.711	0.7035833333333333	0.6991666666666667	0.696	0.6875	0.6829166666666666	0.677	0.6697500000000001	0.6650833333333334	0.6589166666666667	0.6566666666666667	0.6539166666666667	0.64575	0.6438333333333334	0.63425	0.6331666666666667	0.6316666666666667	0.62575	0.6231666666666666	0.618	0.6126666666666667	0.6101666666666666	0.6053333333333333	0.6033333333333333	0.5993333333333333	0.5955833333333334	0.5948333333333333	0.5855	0.5843333333333334	0.5823333333333334	0.5769166666666666	0.5763333333333334	0.5704166666666667	0.56725	0.5600833333333334	0.5585833333333333	0.557	0.5515833333333333	0.55	0.5451666666666667	0.5409166666666667
SCFACU24	But5	NA	NA	NA	NA	NA	18	24	NA	0.21408333333333335	0.2105	0.20908333333333334	0.20975	0.21191666666666667	0.21533333333333332	0.21975	0.22591666666666665	0.23375	0.24358333333333335	0.2555	0.2703333333333333	0.28783333333333333	0.30783333333333335	0.3319166666666667	0.35333333333333333	0.3779166666666667	0.4076666666666667	0.44583333333333336	0.47575	0.5180833333333333	0.5710833333333334	0.6080833333333333	0.6335833333333334	0.6786666666666666	0.7043333333333334	0.73725	0.771	0.78425	0.7981666666666667	0.8070833333333334	0.8145	0.8160833333333333	0.8119166666666666	0.8084166666666667	0.806	0.8000833333333334	0.79825	0.7959166666666667	0.7915	0.7864166666666667	0.7795833333333333	0.77525	0.7725833333333334	0.7699166666666667	0.766	0.76175	0.7555000000000001	0.7523333333333333	0.74775	0.7409166666666667	0.7351666666666666	0.7324166666666667	0.7251666666666666	0.7198333333333333	0.715	0.7095833333333333	0.7009166666666666	0.69375	0.68875	0.6859166666666666	0.6785	0.6735833333333333	0.6671666666666667	0.6598333333333334	0.6567500000000001	0.6515833333333333	0.6455	0.6414166666666666	0.639	0.6315	0.6275833333333334	0.6265000000000001	0.6204166666666666	0.6178333333333333	0.6170833333333333	0.6119166666666667	0.6083333333333333	0.6011666666666666	0.6023333333333334	0.6016666666666667	0.5970833333333333	0.5985	0.5924166666666667	0.5881666666666666	0.5886666666666667	0.5850833333333333	0.585	0.581	0.5811666666666666	0.5778333333333333	0.5749166666666666	0.5733333333333334	0.5728333333333333	0.5681666666666667	0.568
SCFACU24	Pro25	NA	NA	NA	NA	NA	18	24	NA	0.22166666666666668	0.21875	0.21683333333333332	0.21691666666666667	0.21891666666666668	0.22175	0.22616666666666668	0.2311666666666667	0.23775000000000002	0.24491666666666667	0.25466666666666665	0.26516666666666666	0.27775	0.29133333333333333	0.3076666666666667	0.32575	0.34491666666666665	0.36741666666666667	0.3925	0.41375	0.4469166666666667	0.46741666666666665	0.4946666666666667	0.5200833333333333	0.5540833333333334	0.5964166666666667	0.6254166666666666	0.6528333333333334	0.683	0.7115833333333333	0.7334166666666666	0.7565833333333333	0.7721666666666667	0.785	0.79	0.7950833333333334	0.792	0.7911666666666667	0.7865	0.7841666666666667	0.7805	0.7734166666666666	0.7675833333333334	0.7648333333333334	0.7583333333333333	0.7533333333333333	0.74725	0.7438333333333333	0.7406666666666667	0.7330833333333333	0.728	0.7219166666666667	0.7153333333333334	0.7093333333333334	0.7015	0.69675	0.6934166666666667	0.6859166666666666	0.6799166666666666	0.6705833333333333	0.6670833333333334	0.6645	0.6578333333333334	0.6551666666666667	0.6501666666666667	0.6438333333333334	0.64175	0.63725	0.6355833333333334	0.63275	0.6309166666666667	0.63	0.6265000000000001	0.62225	0.6208333333333333	0.6208333333333333	0.6206666666666667	0.6159166666666667	0.6171666666666666	0.6148333333333333	0.61175	0.6118333333333333	0.6090833333333333	0.6091666666666666	0.605	0.6008333333333333	0.6021666666666666	0.59925	0.5968333333333333	0.596	0.5916666666666667	0.5881666666666666	0.5869166666666666	0.5824166666666667	0.5815833333333333	0.5775
SCFACU24	Pro5	NA	NA	NA	NA	NA	18	24	NA	0.21258333333333335	0.20833333333333331	0.2068333333333333	0.20725	0.2095	0.21325	0.21875	0.226	0.2345	0.2455	0.25958333333333333	0.2753333333333333	0.2946666666666667	0.31833333333333336	0.34508333333333335	0.377	0.4086666666666667	0.4459166666666667	0.46925	0.50475	0.542	0.5771666666666667	0.62625	0.6735833333333333	0.7089166666666666	0.7404166666666666	0.7700833333333333	0.7890833333333334	0.7978333333333334	0.8035833333333333	0.81275	0.81625	0.8066666666666666	0.8075833333333333	0.8045833333333333	0.7995833333333333	0.7991666666666667	0.7969166666666667	0.7910833333333334	0.7875833333333333	0.782	0.7758333333333334	0.77375	0.7691666666666667	0.766	0.7604166666666666	0.7535000000000001	0.7518333333333334	0.7423333333333333	0.7395	0.73425	0.7260833333333333	0.7248333333333333	0.7180833333333333	0.7113333333333334	0.703	0.6975833333333333	0.6903333333333334	0.68525	0.67775	0.6736666666666666	0.6645	0.6595833333333333	0.6518333333333334	0.6476666666666667	0.6459166666666667	0.64025	0.63775	0.62875	0.62875	0.6260833333333333	0.62025	0.61875	0.6165	0.6150833333333333	0.6135833333333334	0.608	0.6084166666666667	0.6086666666666667	0.6055833333333334	0.6068333333333333	0.6029166666666667	0.60175	0.6033333333333333	0.6004166666666667	0.6018333333333333	0.59875	0.59475	0.5965	0.5918333333333333	0.5934166666666667	0.5925833333333334	0.59	0.591	0.5880833333333333	0.586
SCFACU25	Ace25	NA	NA	NA	NA	NA	18	24	NA	0.24441666666666667	0.24133333333333334	0.23966666666666667	0.23975000000000002	0.24191666666666667	0.24425	0.24658333333333332	0.2475	0.25233333333333335	0.2573333333333333	0.2648333333333333	0.27241666666666664	0.282	0.2965	0.31233333333333335	0.32533333333333336	0.33866666666666667	0.35858333333333337	0.387	0.4116666666666667	0.43566666666666665	0.46475	0.48925	0.516	0.5386666666666666	0.5595833333333333	0.5756666666666667	0.5920833333333333	0.6035833333333334	0.6135833333333334	0.6220833333333333	0.6256666666666667	0.6289166666666667	0.6288333333333334	0.6303333333333333	0.6326666666666667	0.63125	0.6306666666666667	0.6290833333333333	0.6283333333333333	0.6266666666666667	0.624	0.6231666666666666	0.6211666666666666	0.61975	0.6159166666666667	0.613	0.6106666666666667	0.6078333333333333	0.6035833333333334	0.6009166666666667	0.5973333333333334	0.5938333333333333	0.5902499999999999	0.585	0.5832499999999999	0.5772499999999999	0.575	0.5706666666666667	0.5671666666666667	0.5625833333333333	0.5596666666666666	0.5563333333333333	0.5541666666666667	0.5496666666666666	0.5461666666666667	0.5438333333333334	0.5408333333333334	0.5387500000000001	0.5343333333333333	0.5329166666666667	0.5306666666666666	0.5276666666666666	0.5251666666666667	0.52225	0.5195833333333333	0.5166666666666667	0.51475	0.51175	0.5108333333333334	0.5091666666666667	0.5070833333333333	0.5065	0.5033333333333333	0.50025	0.49825	0.4959166666666667	0.49491666666666667	0.49333333333333335	0.4910833333333333	0.48916666666666664	0.48633333333333334	0.4835	0.483	0.4795	0.47891666666666666
SCFACU25	Ace5	NA	NA	NA	NA	NA	18	24	NA	0.2529166666666667	0.2520833333333333	0.2485	0.25133333333333335	0.2534166666666667	0.25708333333333333	0.26058333333333333	0.2635	0.2685	0.27358333333333335	0.28158333333333335	0.28833333333333333	0.2981666666666667	0.3115	0.3239166666666667	0.34158333333333335	0.3585	0.38008333333333333	0.40349999999999997	0.42925	0.45875	0.4856666666666667	0.5113333333333333	0.531	0.54575	0.5589166666666666	0.57275	0.5845	0.5941666666666666	0.5995	0.60125	0.6016666666666667	0.6010833333333333	0.5998333333333333	0.59975	0.5975833333333334	0.5954166666666667	0.5955833333333334	0.5930833333333333	0.59175	0.5913333333333334	0.5905833333333333	0.5886666666666667	0.5866666666666667	0.5850833333333333	0.581	0.58075	0.5788333333333333	0.5759166666666666	0.5741666666666667	0.57225	0.5688333333333333	0.5639166666666666	0.5609166666666667	0.55775	0.5539166666666667	0.5535833333333333	0.548	0.5445833333333333	0.54225	0.54025	0.5367500000000001	0.5359166666666667	0.5335833333333333	0.5323333333333333	0.5303333333333333	0.5274166666666666	0.5269166666666667	0.5256666666666666	0.523	0.5221666666666667	0.5188333333333334	0.5173333333333333	0.5165	0.5166666666666667	0.5144166666666666	0.5125833333333334	0.51125	0.5101666666666667	0.5095000000000001	0.5061666666666667	0.5054166666666666	0.5049166666666667	0.5034166666666666	0.50325	0.5011666666666666	0.5003333333333333	0.5	0.4985	0.49675	0.49533333333333335	0.49475	0.4945833333333333	0.49175	0.49216666666666664	0.48925
SCFACU25	BHI	NA	NA	NA	NA	NA	18	24	NA	0.23633333333333334	0.23058333333333333	0.2265	0.22741666666666666	0.2295	0.2315	0.23424999999999999	0.23575	0.24	0.24541666666666667	0.25033333333333335	0.25683333333333336	0.26625	0.2771666666666667	0.29183333333333333	0.3119166666666667	0.3335	0.3605833333333333	0.38775	0.41691666666666666	0.44208333333333333	0.4721666666666667	0.49241666666666667	0.51075	0.5289166666666667	0.5474166666666667	0.5621666666666667	0.5670833333333334	0.5780833333333333	0.5843333333333334	0.5888333333333333	0.5874166666666667	0.5854166666666667	0.5859166666666666	0.58475	0.5790833333333333	0.5795833333333333	0.5780833333333333	0.57675	0.5765	0.5739166666666666	0.5745833333333333	0.5718333333333333	0.569	0.56825	0.56675	0.5648333333333333	0.5643333333333334	0.56	0.5600833333333334	0.5541666666666667	0.5533333333333333	0.5503333333333333	0.5471666666666667	0.544	0.5414166666666667	0.53725	0.5353333333333333	0.5296666666666666	0.5246666666666666	0.5233333333333333	0.5170833333333333	0.5165	0.5144166666666666	0.5110833333333333	0.5083333333333333	0.5031666666666667	0.5026666666666667	0.50075	0.49675	0.49433333333333335	0.49316666666666664	0.49316666666666664	0.4896666666666667	0.488	0.48691666666666666	0.48325	0.48183333333333334	0.47941666666666666	0.47975	0.4776666666666667	0.4776666666666667	0.47558333333333336	0.47408333333333336	0.47225	0.4723333333333333	0.4683333333333333	0.4678333333333333	0.4651666666666667	0.46458333333333335	0.46416666666666667	0.4633333333333333	0.4618333333333333	0.46066666666666667	0.45866666666666667	0.4589166666666667
SCFACU25	But25	NA	NA	NA	NA	NA	18	24	NA	0.23758333333333334	0.23433333333333334	0.23308333333333334	0.23399999999999999	0.2355	0.23691666666666666	0.2385	0.24	0.24133333333333334	0.24416666666666667	0.2465	0.2495	0.2535	0.25775	0.26358333333333334	0.2688333333333333	0.27491666666666664	0.27999999999999997	0.28791666666666665	0.297	0.30691666666666667	0.31733333333333336	0.33008333333333334	0.3453333333333333	0.36141666666666666	0.38025	0.39808333333333334	0.41675	0.43725	0.45416666666666666	0.474	0.4915833333333333	0.5071666666666667	0.5209166666666667	0.5340833333333334	0.5470833333333334	0.55775	0.56425	0.5681666666666667	0.5686666666666667	0.5693333333333334	0.5686666666666667	0.5635	0.5604166666666667	0.5555833333333333	0.5508333333333333	0.5456666666666666	0.5404166666666667	0.5356666666666667	0.5318333333333334	0.5293333333333333	0.5261666666666667	0.5231666666666667	0.52025	0.51725	0.5149166666666667	0.5134166666666666	0.5120833333333333	0.5101666666666667	0.5083333333333333	0.5055	0.5030833333333333	0.5015833333333334	0.49775	0.49633333333333335	0.49325	0.4905	0.4886666666666667	0.48725	0.48458333333333337	0.48241666666666666	0.48033333333333333	0.47883333333333333	0.4765	0.4755	0.47275	0.47141666666666665	0.46941666666666665	0.46858333333333335	0.46741666666666665	0.46491666666666664	0.4644166666666667	0.46275	0.46175	0.46066666666666667	0.4595	0.4589166666666667	0.4589166666666667	0.45758333333333334	0.4579166666666667	0.4554166666666667	0.45533333333333337	0.45466666666666666	0.45266666666666666	0.45275	0.45208333333333334
SCFACU25	But5	NA	NA	NA	NA	NA	18	24	NA	0.23958333333333331	0.23508333333333334	0.23408333333333334	0.23508333333333334	0.23716666666666666	0.239	0.241	0.24358333333333332	0.24633333333333332	0.25016666666666665	0.255	0.26025	0.26766666666666666	0.27641666666666664	0.2856666666666667	0.297	0.312	0.32975	0.34525	0.36375	0.3834166666666667	0.40758333333333335	0.4325	0.45966666666666667	0.48141666666666666	0.5030833333333333	0.52575	0.54375	0.5623333333333334	0.5716666666666667	0.5756666666666667	0.5789166666666666	0.5806666666666667	0.5788333333333333	0.5791666666666666	0.5776666666666667	0.57475	0.5739166666666666	0.57175	0.5695	0.56725	0.56375	0.562	0.5606666666666666	0.5578333333333333	0.55675	0.5556666666666666	0.5528333333333333	0.5485833333333333	0.54525	0.54525	0.5416666666666666	0.5396666666666666	0.5375833333333333	0.5349166666666667	0.5315833333333333	0.5274166666666666	0.5241666666666667	0.5211666666666667	0.5175	0.5149166666666667	0.51225	0.5093333333333333	0.507	0.5031666666666667	0.5014166666666666	0.49966666666666665	0.49625	0.49491666666666667	0.492	0.49016666666666664	0.48625	0.4850833333333333	0.4826666666666667	0.482	0.4795833333333333	0.47675	0.47641666666666665	0.47408333333333336	0.47408333333333336	0.4731666666666667	0.4718333333333333	0.4703333333333333	0.4705	0.4673333333333333	0.46758333333333335	0.46525	0.4656666666666667	0.4661666666666667	0.46399999999999997	0.46425	0.46158333333333335	0.4605	0.4608333333333333	0.45916666666666667	0.4595
SCFACU25	Pro25	NA	NA	NA	NA	NA	18	24	NA	0.23533333333333334	0.23224999999999998	0.23041666666666666	0.23099999999999998	0.23091666666666666	0.2325	0.23391666666666666	0.23608333333333334	0.23825	0.24158333333333332	0.2455	0.2504166666666667	0.25566666666666665	0.2613333333333333	0.26741666666666664	0.27608333333333335	0.2856666666666667	0.2985833333333333	0.31316666666666665	0.3244166666666667	0.34141666666666665	0.35983333333333334	0.3809166666666667	0.404	0.4266666666666667	0.4499166666666667	0.4704166666666667	0.49025	0.5076666666666667	0.5254166666666666	0.54325	0.55825	0.5681666666666667	0.5781666666666666	0.5858333333333333	0.5881666666666666	0.5914166666666667	0.5913333333333334	0.591	0.5893333333333334	0.5868333333333333	0.5850833333333333	0.5815	0.5764166666666667	0.57675	0.5728333333333333	0.57025	0.56725	0.5645833333333333	0.5609166666666666	0.55775	0.5541666666666667	0.5516666666666666	0.5490833333333334	0.5451666666666667	0.5426666666666666	0.53875	0.5360833333333334	0.5315833333333333	0.52908333333333335	0.525	0.5238333333333334	0.5218333333333334	0.5193333333333333	0.5178333333333334	0.5156666666666667	0.5124166666666666	0.5111666666666667	0.5080833333333333	0.5075000000000001	0.5049166666666667	0.5028333333333334	0.5015833333333334	0.4991666666666667	0.4995833333333334	0.4986666666666667	0.4971666666666667	0.4964166666666667	0.49433333333333335	0.4945833333333334	0.49333333333333335	0.49341666666666667	0.493	0.49075	0.49075	0.49041666666666667	0.49	0.4886666666666667	0.4865	0.487	0.48541666666666666	0.48458333333333337	0.484	0.4825	0.48025	0.4791666666666667
SCFACU25	Pro5	NA	NA	NA	NA	NA	18	24	NA	0.266	0.26516666666666666	0.26475	0.26558333333333334	0.26775	0.2683333333333333	0.27041666666666664	0.27308333333333334	0.27616666666666667	0.28008333333333335	0.28533333333333333	0.2905833333333333	0.2980833333333333	0.306	0.3179166666666667	0.33258333333333334	0.3475833333333333	0.36716666666666664	0.38533333333333336	0.4085	0.4335833333333333	0.46266666666666667	0.4895833333333333	0.5175	0.5428333333333333	0.5674166666666667	0.5885	0.6045833333333334	0.6136666666666667	0.6219166666666667	0.62775	0.6270833333333333	0.6285833333333334	0.6284166666666666	0.6259166666666667	0.62625	0.6241666666666666	0.62475	0.6224166666666666	0.6194999999999999	0.61975	0.6189166666666667	0.6170833333333333	0.617	0.61375	0.6128333333333333	0.6123333333333334	0.60675	0.60575	0.6003333333333334	0.6018333333333333	0.598	0.5934166666666667	0.5905833333333333	0.5850833333333333	0.5820833333333333	0.5783333333333334	0.5741666666666667	0.5720833333333333	0.5699166666666666	0.5635	0.56033333333333335	0.55875	0.5559166666666666	0.55425	0.5505	0.5484166666666667	0.545	0.5435833333333333	0.5424166666666667	0.537	0.5363333333333333	0.5321666666666667	0.5324166666666666	0.53	0.52975	0.52875	0.5265833333333333	0.5275	0.5245	0.5231666666666667	0.52025	0.5201666666666667	0.5191666666666667	0.517	0.5173333333333333	0.5178333333333334	0.516	0.5166666666666666	0.51375	0.51225	0.51375	0.5110833333333333	0.5121666666666667	0.51125	0.51
